{"name":"7a0651db-93e4-414b-9dc7-8facf200b535","id":"/providers/Microsoft.Flow/flows/7a0651db-93e4-414b-9dc7-8facf200b535","type":"Microsoft.Flow/flows","properties":{"apiId":"/providers/Microsoft.PowerApps/apis/shared_logicflows","displayName":"Add Usuarios en Teams - Alexander Guevara","definition":{"metadata":{"workflowEntityId":null,"creator":{"id":"2a50edfe-8ee3-4a00-95b6-d5b51f3d3d5e","type":"User","tenantId":"8dbe1469-c79c-4e21-9d43-ca65d9e9c475"},"provisioningMethod":"FromDefinition","failureAlertSubscription":true,"clientLastModifiedTime":"2020-06-12T15:05:55.7832285Z"},"$schema":"https://schema.management.azure.com/providers/Microsoft.Logic/schemas/2016-06-01/workflowdefinition.json#","contentVersion":"1.0.0.0","parameters":{"$connections":{"defaultValue":{},"type":"Object"},"$authentication":{"defaultValue":{},"type":"SecureObject"}},"triggers":{"manual":{"type":"Request","kind":"Button","inputs":{"schema":{"type":"object","properties":{},"required":[]}}}},"actions":{"Enumerar_las_filas_de_una_tabla":{"runAfter":{},"metadata":{"01F4YJ2XEKRNFYPKCJFJGYBH6TYI3U2UU5":"/UTN/PJT_EC_UTN_INNOVACION/PJT_EC_UTN_MICROSOFT365/POWER.USER-ITPRO-MS365-UTN/Lista-Estudiantes-FICA-TIC-PA-JUN20.OCT20.xlsx","flowSystemMetadata":{"swaggerOperationId":"GetItems"}},"type":"ApiConnection","inputs":{"host":{"connection":{"name":"@json(decodeBase64(triggerOutputs().headers['X-MS-APIM-Tokens']))['$connections']['shared_excelonlinebusiness']['connectionId']"},"api":{"runtimeUrl":"https://flow-apim-msmanaged-na-northcentralus-01.azure-apim.net/apim/excelonlinebusiness"}},"method":"get","path":"/drives/@{encodeURIComponent('b!sEN2weuRgkahNGLeogkF_BEG-SxFYrVMusfoWMcm4mHeTMmP46y0R5belJhw2E1L')}/files/@{encodeURIComponent('01F4YJ2XEKRNFYPKCJFJGYBH6TYI3U2UU5')}/tables/@{encodeURIComponent('{6FD7BE5B-7792-4EF2-92A7-59FC47FB291A}')}/items","queries":{"source":"me"},"authentication":{"type":"Raw","value":"@json(decodeBase64(triggerOutputs().headers['X-MS-APIM-Tokens']))['$ConnectionKey']"}}},"Aplicar_a_cada_uno":{"foreach":"@body('Enumerar_las_filas_de_una_tabla')?['value']","actions":{},"runAfter":{"Enumerar_las_filas_de_una_tabla":["Succeeded"]},"type":"Foreach"},"Aplicar_a_cada_uno_2":{"foreach":"@body('Enumerar_las_filas_de_una_tabla')?['value']","actions":{"Agregar_miembro_al_grupo":{"runAfter":{},"metadata":{"flowSystemMetadata":{"swaggerOperationId":"AddMemberToGroup"}},"type":"ApiConnection","inputs":{"host":{"connection":{"name":"@json(decodeBase64(triggerOutputs().headers['X-MS-APIM-Tokens']))['$connections']['shared_office365groups']['connectionId']"},"api":{"runtimeUrl":"https://flow-apim-msmanaged-na-eastus2-01.azure-apim.net/apim/office365groups"}},"method":"post","path":"/v1.0/groups/@{encodeURIComponent('df34aba0-e16b-44d2-9b84-d3497705271d')}/members/$ref","queries":{"userUpn":"@items('Aplicar_a_cada_uno_2')?['Email']"},"authentication":{"type":"Raw","value":"@json(decodeBase64(triggerOutputs().headers['X-MS-APIM-Tokens']))['$ConnectionKey']"}}}},"runAfter":{"Aplicar_a_cada_uno":["Succeeded"]},"type":"Foreach"}},"description":""},"connectionReferences":{"shared_excelonlinebusiness":{"connectionName":"shared-excelonlinebu-3ebb1936-6db8-4173-afb4-bd5b0f09609b","source":"Invoker","id":"/providers/Microsoft.PowerApps/apis/shared_excelonlinebusiness","tier":"NotSpecified"},"shared_office365groups":{"connectionName":"shared-office365grou-d04d9980-fcf9-46ac-898a-7846896127a8","source":"Invoker","id":"/providers/Microsoft.PowerApps/apis/shared_office365groups","tier":"NotSpecified"}},"flowFailureAlertSubscribed":false}}